"""%1"" is not a valid language code. Use a code such as de-CH or fr.","«%1» ist kein gültiger Sprachcode. Verwenden Sie einen Code wie de-CH oder fr."
"%1 %2 does not exist.","%1 %2 existiert nicht."
"%1 kept","%1 beibehalten"
"(requires the Admin role).","(erfordert die Admin-Rolle)."
"A translated page or block is a copy for the target store view. ""Disabled"" lets an editor review it first; the store view then shows no page under that URL until it is enabled.","Eine übersetzte Seite oder ein übersetzter Block ist eine Kopie für die Ziel-Store-View. Mit «Deaktiviert» kann ein Redakteur sie zuerst prüfen; die Store View zeigt unter dieser URL dann keine Seite an, bis sie aktiviert ist."
"API environment","API-Umgebung"
"Already translated, unchanged","Bereits übersetzt, unverändert"
"An administrator needs to enter the API key in","Ein Administrator muss den API-Schlüssel eingeben unter"
"Authentication failed. Please check the Supertext API key. A new key can be generated at https://www.supertext.com/en/integrations/api (requires the Admin role).","Authentifizierung fehlgeschlagen. Bitte prüfen Sie den Supertext API-Schlüssel. Einen neuen Schlüssel können Sie unter https://www.supertext.com/en/integrations/api erzeugen (erfordert die Admin-Rolle)."
"Back to the list","Zurück zur Liste"
"Blocks","Blöcke"
"CMS pages and blocks","CMS-Seiten und -Blöcke"
"Categories","Kategorien"
"Choose a store view to translate into.","Wählen Sie eine Store View, in die übersetzt werden soll."
"Choose at least one store view to translate into.","Wählen Sie mindestens eine Store View, in die übersetzt werden soll."
"Connected. The API key works.","Verbunden. Der API-Schlüssel funktioniert."
"Could not reach Supertext: %1","Supertext ist nicht erreichbar: %1"
"Create one at supertext.com.","Erstellen Sie eines auf supertext.com."
"Created (%1 fields)","Erstellt (%1 Felder)"
"Created disabled: enable it after review.","Deaktiviert erstellt: Aktivieren Sie es nach der Prüfung."
"Custom API base URL","Eigene API-Basis-URL"
"Default values (All Store Views)","Standardwerte (Alle Store Views)"
"Disabled","Deaktiviert"
"Disabled (review first)","Deaktiviert (zuerst prüfen)"
"Done: %1 translated, %2 unchanged, %3 failed.","Fertig: %1 übersetzt, %2 unverändert, %3 fehlgeschlagen."
"Each translation is a copy of the block for that store view, with the same identifier.","Jede Übersetzung ist eine Kopie des Blocks für diese Store View, mit derselben Kennung."
"Each translation is a copy of the page for that store view, with the same URL key. The original is no longer shown in those store views.","Jede Übersetzung ist eine Kopie der Seite für diese Store View, mit demselben URL-Schlüssel. Das Original wird in diesen Store Views nicht mehr angezeigt."
"Failed","Fehlgeschlagen"
"Fields that are already translated will be replaced by the new Supertext translation. Changes made by hand in those store views are lost.","Bereits übersetzte Felder werden durch die neue Supertext-Übersetzung ersetzt. Manuelle Änderungen in diesen Store Views gehen verloren."
"Formal (Sie, vous)","Formell (Sie, vous)"
"Generate your API key at","Erzeugen Sie Ihren API-Schlüssel unter"
"Informal (du, tu)","Informell (du, tu)"
"Invalid request.","Ungültige Anfrage."
"Language","Sprache"
"Live (api.supertext.com)","Live (api.supertext.com)"
"Maximum wait for one translation (30–1800).","Maximale Wartezeit für eine Übersetzung (30–1800)."
"Module version","Modulversion"
"Name","Name"
"No API key is saved yet. Save the configuration first.","Es ist noch kein API-Schlüssel gespeichert. Speichern Sie zuerst die Konfiguration."
"No Supertext API key is configured. Generate one at https://www.supertext.com/en/integrations/api (requires the Admin role).","Es ist kein Supertext API-Schlüssel konfiguriert. Erzeugen Sie einen unter https://www.supertext.com/en/integrations/api (erfordert die Admin-Rolle)."
"No Supertext account yet?","Noch kein Supertext-Konto?"
"Not translated","Nicht übersetzt"
"Nothing selected. Go back to the list and select the items to translate.","Nichts ausgewählt. Kehren Sie zur Liste zurück und wählen Sie die Einträge aus, die übersetzt werden sollen."
"Only the first %1 selected items are translated at once.","Es werden jeweils nur die ersten %1 ausgewählten Einträge übersetzt."
"Open","Öffnen"
"Optional, e.g. fr-CH for Swiss French. Empty: the store view's locale (de_CH → de-CH).","Optional, z. B. fr-CH für Schweizer Französisch. Leer: das Gebietsschema der Store View (de_CH → de-CH)."
"Optional. Overrides the environment, e.g. for a test server. The SUPERTEXT_API_ENDPOINT environment variable wins.","Optional. Ersetzt die Umgebung, z. B. für einen Testserver. Die Umgebungsvariable SUPERTEXT_API_ENDPOINT hat Vorrang."
"Overwrite existing translations","Bestehende Übersetzungen überschreiben"
"Pages","Seiten"
"Partly translated","Teilweise übersetzt"
"Paste the key as Supertext shows it, with or without ""Supertext-Auth-Key"".","Fügen Sie den Schlüssel so ein, wie Supertext ihn anzeigt, mit oder ohne «Supertext-Auth-Key»."
"Products","Produkte"
"Same as the original","Wie das Original"
"Select at least one item to translate.","Wählen Sie mindestens einen Eintrag zum Übersetzen aus."
"Set by the SUPERTEXT_API_KEY environment variable on the server.","Über die Umgebungsvariable SUPERTEXT_API_KEY auf dem Server gesetzt."
"Source language","Ausgangssprache"
"Staging","Staging"
"Status of new translations","Status neuer Übersetzungen"
"Store views in the source language are not ticked.","Store Views in der Ausgangssprache sind nicht markiert."
"Stores → All Stores","Stores → Alle Stores"
"Stores → Configuration → Supertext → Translation","Stores → Konfiguration → Supertext → Übersetzung"
"Supertext","Supertext"
"Supertext API key","Supertext API-Schlüssel"
"Supertext Translation","Supertext Translation"
"Supertext answered with HTTP %1.","Supertext antwortete mit HTTP %1."
"Supertext connection","Supertext-Verbindung"
"Supertext could not translate the document.","Supertext konnte das Dokument nicht übersetzen."
"Supertext default","Supertext-Standard"
"Supertext did not return a file id.","Supertext hat keine Datei-ID zurückgegeben."
"Supertext is not set up yet.","Supertext ist noch nicht eingerichtet."
"Supertext is not set up yet: an administrator needs to enter the API key in Stores → Configuration → Supertext → Translation. No Supertext account yet? Create one at %1. Generate your API key at %2 (requires the Admin role).","Supertext ist noch nicht eingerichtet: Ein Administrator muss den API-Schlüssel unter Stores → Konfiguration → Supertext → Übersetzung eingeben. Noch kein Supertext-Konto? Erstellen Sie eines auf %1. Erzeugen Sie Ihren API-Schlüssel unter %2 (erfordert die Admin-Rolle)."
"Supertext language code","Supertext-Sprachcode"
"Supertext translates into each store view's language: its locale (<em>General → Locale Options → Locale</em>) unless you enter a different code here. Choose the store view in the <em>Scope</em> switcher at the top to set these per store view.","Supertext übersetzt in die Sprache jeder Store View: ihr Gebietsschema (<em>Allgemein → Gebietsschema-Optionen → Gebietsschema</em>), sofern Sie hier keinen anderen Code eingeben. Wählen Sie die Store View oben im Umschalter <em>Geltungsbereich</em>, um diese Werte pro Store View festzulegen."
"Test connection","Verbindung testen"
"Testing","Test"
"Tests the saved key: save the configuration first.","Testet den gespeicherten Schlüssel: Speichern Sie zuerst die Konfiguration."
"The Supertext service is currently unavailable.","Der Supertext-Dienst ist zurzeit nicht verfügbar."
"The content is too large for Supertext to translate in one go.","Der Inhalt ist zu groß, um ihn mit Supertext in einem Durchgang zu übersetzen."
"The document was deleted at Supertext before it could be downloaded.","Das Dokument wurde bei Supertext gelöscht, bevor es heruntergeladen werden konnte."
"The original is assigned only to this store view. Assign it to the store views of its own language first.","Das Original ist nur dieser Store View zugewiesen. Weisen Sie es zuerst den Store Views seiner eigenen Sprache zu."
"The original page is no longer shown in this store view; the translation replaces it there.","Die Originalseite wird in dieser Store View nicht mehr angezeigt; die Übersetzung ersetzt sie dort."
"The requested Supertext resource was not found.","Die angeforderte Supertext-Ressource wurde nicht gefunden."
"The test could not be run.","Der Test konnte nicht ausgeführt werden."
"The translated document was empty.","Das übersetzte Dokument war leer."
"The translation could not be saved: %1","Die Übersetzung konnte nicht gespeichert werden: %1"
"Timed out waiting for the Supertext translation.","Zeitüberschreitung beim Warten auf die Supertext-Übersetzung."
"Timeout (seconds)","Timeout (Sekunden)"
"To replace existing translations, tick ""Overwrite existing translations"" and translate again.","Um bestehende Übersetzungen zu ersetzen, markieren Sie «Bestehende Übersetzungen überschreiben» und übersetzen Sie erneut."
"Tone","Tonalität"
"Too many requests to Supertext. Please try again shortly.","Zu viele Anfragen an Supertext. Bitte versuchen Sie es in Kürze erneut."
"Translate","Übersetzen"
"Translate from","Übersetzen aus"
"Translate into","Übersetzen in"
"Translate with Supertext","Mit Supertext übersetzen"
"Translated","Übersetzt"
"Translated (%1 fields)","Übersetzt (%1 Felder)"
"Translating…","Wird übersetzt …"
"Translation","Übersetzung"
"URL key ""%1"" is already used in this store view; the URL was not changed.","Der URL-Schlüssel «%1» wird in dieser Store View bereits verwendet; die URL wurde nicht geändert."
"Unknown content type.","Unbekannter Inhaltstyp."
"Waiting…","Wartet …"
"Without this option, only fields that are empty or still show the default value are filled.","Ohne diese Option werden nur Felder gefüllt, die leer sind oder noch den Standardwert zeigen."
"You are not allowed to edit this item.","Sie dürfen diesen Eintrag nicht bearbeiten."
"Your Supertext translation limit is exceeded. Please upgrade your subscription.","Ihr Supertext-Übersetzungslimit ist überschritten. Bitte erweitern Sie Ihr Abonnement."
"Your shop has only one store view. Add a store view per language first, and set its locale.","Ihr Shop hat nur eine Store View. Fügen Sie zuerst eine Store View pro Sprache hinzu und legen Sie ihr Gebietsschema fest."
