"""%1"" is not a valid language code. Use a code such as de-CH or fr.","« %1 » n’est pas un code de langue valide. Utilisez un code comme de-CH ou fr."
"%1 %2 does not exist.","%1 %2 n’existe pas."
"%1 kept","%1 conservés"
"(requires the Admin role).","(rôle Admin requis)."
"A translated page or block is a copy for the target store view. ""Disabled"" lets an editor review it first; the store view then shows no page under that URL until it is enabled.","Une page ou un bloc traduit est une copie pour la vue magasin cible. « Désactivé » permet à un rédacteur de la vérifier d’abord ; la vue magasin n’affiche alors aucune page sous cette URL tant qu’elle n’est pas activée."
"API environment","Environnement de l’API"
"Already translated, unchanged","Déjà traduit, inchangé"
"An administrator needs to enter the API key in","Un administrateur doit saisir la clé API dans"
"Authentication failed. Please check the Supertext API key. A new key can be generated at https://www.supertext.com/en/integrations/api (requires the Admin role).","Échec de l’authentification. Veuillez vérifier la clé API Supertext. Vous pouvez générer une nouvelle clé sur https://www.supertext.com/en/integrations/api (rôle Admin requis)."
"Back to the list","Retour à la liste"
"Blocks","Blocs"
"CMS pages and blocks","Pages et blocs CMS"
"Categories","Catégories"
"Choose a store view to translate into.","Choisissez une vue magasin dans laquelle traduire."
"Choose at least one store view to translate into.","Choisissez au moins une vue magasin dans laquelle traduire."
"Connected. The API key works.","Connecté. La clé API fonctionne."
"Could not reach Supertext: %1","Impossible de joindre Supertext : %1"
"Create one at supertext.com.","Créez-en un sur supertext.com."
"Created (%1 fields)","Créé (%1 champs)"
"Created disabled: enable it after review.","Créé désactivé : activez-le après vérification."
"Custom API base URL","URL de base personnalisée de l’API"
"Default values (All Store Views)","Valeurs par défaut (Toutes les vues magasin)"
"Disabled","Désactivé"
"Disabled (review first)","Désactivé (vérifier d’abord)"
"Done: %1 translated, %2 unchanged, %3 failed.","Terminé : %1 traduits, %2 inchangés, %3 en échec."
"Each translation is a copy of the block for that store view, with the same identifier.","Chaque traduction est une copie du bloc pour cette vue magasin, avec le même identifiant."
"Each translation is a copy of the page for that store view, with the same URL key. The original is no longer shown in those store views.","Chaque traduction est une copie de la page pour cette vue magasin, avec la même clé d’URL. L’original n’est plus affiché dans ces vues magasin."
"Failed","Échec"
"Fields that are already translated will be replaced by the new Supertext translation. Changes made by hand in those store views are lost.","Les champs déjà traduits seront remplacés par la nouvelle traduction Supertext. Les modifications manuelles dans ces vues magasin seront perdues."
"Formal (Sie, vous)","Formel (Sie, vous)"
"Generate your API key at","Générez votre clé API sur"
"Informal (du, tu)","Informel (du, tu)"
"Invalid request.","Requête non valide."
"Language","Langue"
"Live (api.supertext.com)","Production (api.supertext.com)"
"Maximum wait for one translation (30–1800).","Attente maximale pour une traduction (30–1800)."
"Module version","Version du module"
"Name","Nom"
"No API key is saved yet. Save the configuration first.","Aucune clé API n’est encore enregistrée. Enregistrez d’abord la configuration."
"No Supertext API key is configured. Generate one at https://www.supertext.com/en/integrations/api (requires the Admin role).","Aucune clé API Supertext n’est configurée. Générez-en une sur https://www.supertext.com/en/integrations/api (rôle Admin requis)."
"No Supertext account yet?","Pas encore de compte Supertext ?"
"Not translated","Non traduit"
"Nothing selected. Go back to the list and select the items to translate.","Aucune sélection. Revenez à la liste et sélectionnez les éléments à traduire."
"Only the first %1 selected items are translated at once.","Seuls les %1 premiers éléments sélectionnés sont traduits en une fois."
"Open","Ouvrir"
"Optional, e.g. fr-CH for Swiss French. Empty: the store view's locale (de_CH → de-CH).","Facultatif, p. ex. fr-CH pour le français de Suisse. Vide : les paramètres régionaux de la vue magasin (de_CH → de-CH)."
"Optional. Overrides the environment, e.g. for a test server. The SUPERTEXT_API_ENDPOINT environment variable wins.","Facultatif. Remplace l’environnement, p. ex. pour un serveur de test. La variable d’environnement SUPERTEXT_API_ENDPOINT est prioritaire."
"Overwrite existing translations","Écraser les traductions existantes"
"Pages","Pages"
"Partly translated","Partiellement traduit"
"Paste the key as Supertext shows it, with or without ""Supertext-Auth-Key"".","Collez la clé telle que Supertext l’affiche, avec ou sans « Supertext-Auth-Key »."
"Products","Produits"
"Same as the original","Identique à l’original"
"Select at least one item to translate.","Sélectionnez au moins un élément à traduire."
"Set by the SUPERTEXT_API_KEY environment variable on the server.","Définie par la variable d’environnement SUPERTEXT_API_KEY sur le serveur."
"Source language","Langue source"
"Staging","Préproduction"
"Status of new translations","Statut des nouvelles traductions"
"Store views in the source language are not ticked.","Les vues magasin dans la langue source ne sont pas cochées."
"Stores → All Stores","Magasins → Tous les magasins"
"Stores → Configuration → Supertext → Translation","Magasins → Configuration → Supertext → Traduction"
"Supertext","Supertext"
"Supertext API key","Clé API Supertext"
"Supertext Translation","Supertext Translation"
"Supertext answered with HTTP %1.","Supertext a répondu avec le code HTTP %1."
"Supertext connection","Connexion à Supertext"
"Supertext could not translate the document.","Supertext n’a pas pu traduire le document."
"Supertext default","Par défaut de Supertext"
"Supertext did not return a file id.","Supertext n’a pas renvoyé d’identifiant de fichier."
"Supertext is not set up yet.","Supertext n’est pas encore configuré."
"Supertext is not set up yet: an administrator needs to enter the API key in Stores → Configuration → Supertext → Translation. No Supertext account yet? Create one at %1. Generate your API key at %2 (requires the Admin role).","Supertext n’est pas encore configuré : un administrateur doit saisir la clé API dans Magasins → Configuration → Supertext → Traduction. Pas encore de compte Supertext ? Créez-en un sur %1. Générez votre clé API sur %2 (rôle Admin requis)."
"Supertext language code","Code de langue Supertext"
"Supertext translates into each store view's language: its locale (<em>General → Locale Options → Locale</em>) unless you enter a different code here. Choose the store view in the <em>Scope</em> switcher at the top to set these per store view.","Supertext traduit dans la langue de chaque vue magasin : ses paramètres régionaux (<em>Général → Options locales → Paramètres régionaux</em>), sauf si vous saisissez ici un autre code. Choisissez la vue magasin dans le sélecteur <em>Portée</em> en haut pour définir ces valeurs par vue magasin."
"Test connection","Tester la connexion"
"Testing","Test"
"Tests the saved key: save the configuration first.","Teste la clé enregistrée : enregistrez d’abord la configuration."
"The Supertext service is currently unavailable.","Le service Supertext est actuellement indisponible."
"The content is too large for Supertext to translate in one go.","Le contenu est trop volumineux pour être traduit par Supertext en une seule fois."
"The document was deleted at Supertext before it could be downloaded.","Le document a été supprimé chez Supertext avant de pouvoir être téléchargé."
"The original is assigned only to this store view. Assign it to the store views of its own language first.","L’original n’est attribué qu’à cette vue magasin. Attribuez-le d’abord aux vues magasin de sa propre langue."
"The original page is no longer shown in this store view; the translation replaces it there.","La page originale n’est plus affichée dans cette vue magasin ; la traduction la remplace."
"The requested Supertext resource was not found.","La ressource Supertext demandée est introuvable."
"The test could not be run.","Le test n’a pas pu être exécuté."
"The translated document was empty.","Le document traduit était vide."
"The translation could not be saved: %1","La traduction n’a pas pu être enregistrée : %1"
"Timed out waiting for the Supertext translation.","Délai dépassé en attendant la traduction Supertext."
"Timeout (seconds)","Délai d’attente (secondes)"
"To replace existing translations, tick ""Overwrite existing translations"" and translate again.","Pour remplacer les traductions existantes, cochez « Écraser les traductions existantes » et traduisez à nouveau."
"Tone","Ton"
"Too many requests to Supertext. Please try again shortly.","Trop de requêtes envoyées à Supertext. Veuillez réessayer dans un instant."
"Translate","Traduire"
"Translate from","Traduire depuis"
"Translate into","Traduire vers"
"Translate with Supertext","Traduire avec Supertext"
"Translated","Traduit"
"Translated (%1 fields)","Traduit (%1 champs)"
"Translating…","Traduction en cours…"
"Translation","Traduction"
"URL key ""%1"" is already used in this store view; the URL was not changed.","La clé d’URL « %1 » est déjà utilisée dans cette vue magasin ; l’URL n’a pas été modifiée."
"Unknown content type.","Type de contenu inconnu."
"Waiting…","En attente…"
"Without this option, only fields that are empty or still show the default value are filled.","Sans cette option, seuls les champs vides ou affichant encore la valeur par défaut sont remplis."
"You are not allowed to edit this item.","Vous n’êtes pas autorisé à modifier cet élément."
"Your Supertext translation limit is exceeded. Please upgrade your subscription.","Votre limite de traduction Supertext est dépassée. Veuillez passer à un abonnement supérieur."
"Your shop has only one store view. Add a store view per language first, and set its locale.","Votre boutique n’a qu’une seule vue magasin. Ajoutez d’abord une vue magasin par langue et définissez ses paramètres régionaux."
