"""%1"" is not a valid language code. Use a code such as de-CH or fr.","«%1» non è un codice lingua valido. Utilizzi un codice come de-CH o fr."
"%1 %2 does not exist.","%1 %2 non esiste."
"%1 kept","%1 mantenuti"
"(requires the Admin role).","(richiede il ruolo Admin)."
"A translated page or block is a copy for the target store view. ""Disabled"" lets an editor review it first; the store view then shows no page under that URL until it is enabled.","Una pagina o un blocco tradotto è una copia per la visualizzazione negozio di destinazione. «Disabilitato» consente a un redattore di verificarla prima; la visualizzazione negozio non mostra quindi alcuna pagina a quell’URL finché non viene abilitata."
"API environment","Ambiente API"
"Already translated, unchanged","Già tradotto, invariato"
"An administrator needs to enter the API key in","Un amministratore deve inserire la chiave API in"
"Authentication failed. Please check the Supertext API key. A new key can be generated at https://www.supertext.com/en/integrations/api (requires the Admin role).","Autenticazione non riuscita. Verifichi la chiave API Supertext. Può generare una nuova chiave su https://www.supertext.com/en/integrations/api (richiede il ruolo Admin)."
"Back to the list","Torna all’elenco"
"Blocks","Blocchi"
"CMS pages and blocks","Pagine e blocchi CMS"
"Categories","Categorie"
"Choose a store view to translate into.","Scelga una visualizzazione negozio in cui tradurre."
"Choose at least one store view to translate into.","Scelga almeno una visualizzazione negozio in cui tradurre."
"Connected. The API key works.","Connesso. La chiave API funziona."
"Could not reach Supertext: %1","Impossibile raggiungere Supertext: %1"
"Create one at supertext.com.","Ne crei uno su supertext.com."
"Created (%1 fields)","Creato (%1 campi)"
"Created disabled: enable it after review.","Creato disabilitato: lo abiliti dopo la verifica."
"Custom API base URL","URL di base API personalizzato"
"Default values (All Store Views)","Valori predefiniti (Tutte le visualizzazioni negozio)"
"Disabled","Disabilitato"
"Disabled (review first)","Disabilitato (verificare prima)"
"Done: %1 translated, %2 unchanged, %3 failed.","Completato: %1 tradotti, %2 invariati, %3 non riusciti."
"Each translation is a copy of the block for that store view, with the same identifier.","Ogni traduzione è una copia del blocco per quella visualizzazione negozio, con lo stesso identificatore."
"Each translation is a copy of the page for that store view, with the same URL key. The original is no longer shown in those store views.","Ogni traduzione è una copia della pagina per quella visualizzazione negozio, con la stessa chiave URL. L’originale non è più mostrato in quelle visualizzazioni negozio."
"Failed","Non riuscito"
"Fields that are already translated will be replaced by the new Supertext translation. Changes made by hand in those store views are lost.","I campi già tradotti saranno sostituiti dalla nuova traduzione Supertext. Le modifiche manuali in queste visualizzazioni negozio andranno perse."
"Formal (Sie, vous)","Formale (Sie, vous)"
"Generate your API key at","Generi la Sua chiave API su"
"Informal (du, tu)","Informale (du, tu)"
"Invalid request.","Richiesta non valida."
"Language","Lingua"
"Live (api.supertext.com)","Produzione (api.supertext.com)"
"Maximum wait for one translation (30–1800).","Attesa massima per una traduzione (30–1800)."
"Module version","Versione del modulo"
"Name","Nome"
"No API key is saved yet. Save the configuration first.","Non è ancora salvata alcuna chiave API. Salvi prima la configurazione."
"No Supertext API key is configured. Generate one at https://www.supertext.com/en/integrations/api (requires the Admin role).","Nessuna chiave API Supertext configurata. Ne generi una su https://www.supertext.com/en/integrations/api (richiede il ruolo Admin)."
"No Supertext account yet?","Non ha ancora un account Supertext?"
"Not translated","Non tradotto"
"Nothing selected. Go back to the list and select the items to translate.","Nessuna selezione. Torni all’elenco e selezioni gli elementi da tradurre."
"Only the first %1 selected items are translated at once.","Vengono tradotti solo i primi %1 elementi selezionati alla volta."
"Open","Apri"
"Optional, e.g. fr-CH for Swiss French. Empty: the store view's locale (de_CH → de-CH).","Facoltativo, ad es. fr-CH per il francese svizzero. Vuoto: le impostazioni locali della visualizzazione negozio (de_CH → de-CH)."
"Optional. Overrides the environment, e.g. for a test server. The SUPERTEXT_API_ENDPOINT environment variable wins.","Facoltativo. Sostituisce l’ambiente, ad es. per un server di test. La variabile d’ambiente SUPERTEXT_API_ENDPOINT ha la precedenza."
"Overwrite existing translations","Sovrascrivi le traduzioni esistenti"
"Pages","Pagine"
"Partly translated","Parzialmente tradotto"
"Paste the key as Supertext shows it, with or without ""Supertext-Auth-Key"".","Incolli la chiave come la mostra Supertext, con o senza «Supertext-Auth-Key»."
"Products","Prodotti"
"Same as the original","Come l’originale"
"Select at least one item to translate.","Selezioni almeno un elemento da tradurre."
"Set by the SUPERTEXT_API_KEY environment variable on the server.","Impostata dalla variabile d’ambiente SUPERTEXT_API_KEY sul server."
"Source language","Lingua di partenza"
"Staging","Staging"
"Status of new translations","Stato delle nuove traduzioni"
"Store views in the source language are not ticked.","Le visualizzazioni negozio nella lingua di partenza non sono selezionate."
"Stores → All Stores","Negozi → Tutti i negozi"
"Stores → Configuration → Supertext → Translation","Negozi → Configurazione → Supertext → Traduzione"
"Supertext","Supertext"
"Supertext API key","Chiave API Supertext"
"Supertext Translation","Supertext Translation"
"Supertext answered with HTTP %1.","Supertext ha risposto con HTTP %1."
"Supertext connection","Connessione a Supertext"
"Supertext could not translate the document.","Supertext non è riuscito a tradurre il documento."
"Supertext default","Predefinito di Supertext"
"Supertext did not return a file id.","Supertext non ha restituito un ID file."
"Supertext is not set up yet.","Supertext non è ancora configurato."
"Supertext is not set up yet: an administrator needs to enter the API key in Stores → Configuration → Supertext → Translation. No Supertext account yet? Create one at %1. Generate your API key at %2 (requires the Admin role).","Supertext non è ancora configurato: un amministratore deve inserire la chiave API in Negozi → Configurazione → Supertext → Traduzione. Non ha ancora un account Supertext? Ne crei uno su %1. Generi la Sua chiave API su %2 (richiede il ruolo Admin)."
"Supertext language code","Codice lingua Supertext"
"Supertext translates into each store view's language: its locale (<em>General → Locale Options → Locale</em>) unless you enter a different code here. Choose the store view in the <em>Scope</em> switcher at the top to set these per store view.","Supertext traduce nella lingua di ogni visualizzazione negozio: le sue impostazioni locali (<em>Generale → Opzioni locali → Impostazioni locali</em>), a meno che non inserisca qui un altro codice. Scelga la visualizzazione negozio nel selettore <em>Ambito</em> in alto per impostare questi valori per visualizzazione negozio."
"Test connection","Verifica la connessione"
"Testing","Test"
"Tests the saved key: save the configuration first.","Verifica la chiave salvata: salvi prima la configurazione."
"The Supertext service is currently unavailable.","Il servizio Supertext non è al momento disponibile."
"The content is too large for Supertext to translate in one go.","Il contenuto è troppo grande per essere tradotto da Supertext in una sola volta."
"The document was deleted at Supertext before it could be downloaded.","Il documento è stato eliminato da Supertext prima che potesse essere scaricato."
"The original is assigned only to this store view. Assign it to the store views of its own language first.","L’originale è assegnato solo a questa visualizzazione negozio. Lo assegni prima alle visualizzazioni negozio della sua lingua."
"The original page is no longer shown in this store view; the translation replaces it there.","La pagina originale non è più mostrata in questa visualizzazione negozio; la traduzione la sostituisce."
"The requested Supertext resource was not found.","La risorsa Supertext richiesta non è stata trovata."
"The test could not be run.","Non è stato possibile eseguire il test."
"The translated document was empty.","Il documento tradotto era vuoto."
"The translation could not be saved: %1","Non è stato possibile salvare la traduzione: %1"
"Timed out waiting for the Supertext translation.","Tempo scaduto in attesa della traduzione Supertext."
"Timeout (seconds)","Timeout (secondi)"
"To replace existing translations, tick ""Overwrite existing translations"" and translate again.","Per sostituire le traduzioni esistenti, selezioni «Sovrascrivi le traduzioni esistenti» e traduca di nuovo."
"Tone","Tono"
"Too many requests to Supertext. Please try again shortly.","Troppe richieste a Supertext. Riprovi tra poco."
"Translate","Traduci"
"Translate from","Traduci da"
"Translate into","Traduci in"
"Translate with Supertext","Traduci con Supertext"
"Translated","Tradotto"
"Translated (%1 fields)","Tradotto (%1 campi)"
"Translating…","Traduzione in corso…"
"Translation","Traduzione"
"URL key ""%1"" is already used in this store view; the URL was not changed.","La chiave URL «%1» è già utilizzata in questa visualizzazione negozio; l’URL non è stato modificato."
"Unknown content type.","Tipo di contenuto sconosciuto."
"Waiting…","In attesa…"
"Without this option, only fields that are empty or still show the default value are filled.","Senza questa opzione vengono compilati solo i campi vuoti o che mostrano ancora il valore predefinito."
"You are not allowed to edit this item.","Non è autorizzato a modificare questo elemento."
"Your Supertext translation limit is exceeded. Please upgrade your subscription.","Il Suo limite di traduzione Supertext è stato superato. Passi a un abbonamento superiore."
"Your shop has only one store view. Add a store view per language first, and set its locale.","Il Suo negozio ha una sola visualizzazione negozio. Aggiunga prima una visualizzazione negozio per lingua e ne imposti le impostazioni locali."
